Country,System Type
Norway,Single Payer
New Zealand,Two-Tier
Japan,Single Payer
Germany,Insurance Mandate
Belgium,Insurance Mandate
United Kingdom,Single Payer
Kuwait,Single Payer
Sweden,Single Payer
Bahrain,Single Payer
Brunei Darussalam,Single Payer
Canada,Single Payer
Netherlands,Two-Tier
Austria,Insurance Mandate
United Arab Emirates,Single Payer
Finland,Single Payer
Slovenia,Single Payer
Denmark,Two-Tier
Luxembourg,Insurance Mandate
France,Two-Tier
Australia,Two-Tier
Ireland,Two-Tier
Italy,Single Payer
Portugal,Single Payer
Cyprus,Single Payer
Greece,Insurance Mandate
Spain,Single Payer
South Korea,Insurance Mandate
Iceland,Single Payer
Hong Kong,Two-Tier
Singapore,Two-Tier
Switzerland,Insurance Mandate
Israel,Two-Tier
United States,Insurance Mandate
